time,input/a/ad_raw,input/a
0,2048,0
0.05,2680,0.309017
0.1,3251,0.587785
0.15,3704,0.809017
0.2,3995,0.951057
0.25,4095,1
0.3,3995,0.951057
0.35,3704,0.809017
0.4,3251,0.587785
0.45,2680,0.309017
0.5,2048,0
0.55,1415,-0.309017
0.6,844,-0.587785
0.65,391,-0.809017
0.7,100,-0.951057
0.75,0,-1
0.8,100,-0.951057
0.85,391,-0.809017
0.9,844,-0.587785
0.95,1415,-0.309017
